epoch,time,train/box_loss,train/cls_loss,train/dfl_loss,metrics/precision(B),metrics/recall(B),metrics/mAP50(B),metrics/mAP50-95(B),val/box_loss,val/cls_loss,val/dfl_loss,lr/pg0,lr/pg1,lr/pg2
1,11.5881,0.82818,3.11625,1.34351,0.00437,0.82222,0.10014,0.04159,0.73121,3.69364,1.44166,1.667e-05,1.667e-05,1.667e-05
2,21.8455,0.61677,3.02387,1.26503,0.00431,0.82222,0.13697,0.06664,0.6999,3.65924,1.41291,4.90198e-05,4.90198e-05,4.90198e-05
3,31.0807,0.86065,2.95631,1.38898,0.0042,0.82222,0.20184,0.11723,0.57182,3.58366,1.26787,8.00493e-05,8.00493e-05,8.00493e-05
4,51.6065,0.61387,2.89483,1.16337,0.00408,0.82222,0.28675,0.18878,0.5441,3.48286,1.16639,0.000109759,0.000109759,0.000109759
5,77.5257,0.58063,2.69405,1.14718,0.00398,0.82222,0.45668,0.37241,0.52235,3.42585,1.13188,0.000138148,0.000138148,0.000138148
6,103.624,0.60369,2.54944,1.16328,0.00396,0.82222,0.46347,0.3862,0.55072,3.36483,1.17301,0.000165216,0.000165216,0.000165216
7,137.327,0.75352,2.41046,1.42678,0.004,0.82222,0.45883,0.36655,0.5622,3.3074,1.16019,0.000190965,0.000190965,0.000190965
8,168.379,0.57278,1.89267,1.18562,0.00416,0.82222,0.4629,0.40319,0.53651,3.23419,1.11669,0.000215393,0.000215393,0.000215393
9,177.981,0.62132,1.94965,1.15797,0.00427,0.82222,0.46485,0.40122,0.58336,3.21738,1.17598,0.000238501,0.000238501,0.000238501
10,188.262,0.68635,1.87566,1.22702,1,0.19291,0.51923,0.44297,0.59102,3.20454,1.17266,0.000260289,0.000260289,0.000260289
11,204.905,0.67065,1.87858,1.22969,1,0.09272,0.57824,0.48473,0.6042,3.15875,1.19993,0.000280756,0.000280756,0.000280756
12,238.777,0.57901,1.57479,1.21435,1,0.10002,0.60578,0.52173,0.55362,3.09542,1.11635,0.000299903,0.000299903,0.000299903
13,274.569,0.76377,1.7158,1.41537,1,0.09877,0.65406,0.56232,0.54638,3.04833,1.08593,0.00031773,0.00031773,0.00031773
14,308.818,0.53325,1.59085,1.12027,1,0.08459,0.63462,0.53119,0.52657,3.07333,1.07779,0.000334237,0.000334237,0.000334237
15,323.818,0.84594,2.24153,1.33028,1,0.09127,0.59079,0.50322,0.55424,3.15389,1.07921,0.000349423,0.000349423,0.000349423
16,350.111,0.70864,1.56216,1.22683,1,0.10069,0.47085,0.39176,0.61064,3.19562,1.11352,0.000363289,0.000363289,0.000363289
17,383.928,0.66397,1.69752,1.21034,1,0.10703,0.44487,0.37117,0.60405,3.17049,1.11947,0.000375835,0.000375835,0.000375835
18,419.337,0.76205,1.73302,1.30633,1,0.11064,0.48928,0.41022,0.60949,3.05387,1.14748,0.000387061,0.000387061,0.000387061
19,451.068,0.67706,1.52743,1.19119,0.99007,0.36111,0.58525,0.46029,0.606,2.83561,1.14968,0.000396966,0.000396966,0.000396966
20,483.392,0.67434,1.67168,1.20272,1,0.46331,0.5981,0.49928,0.59118,2.59762,1.13732,0.000405551,0.000405551,0.000405551
21,515.188,0.57686,1.63101,1.15623,0.98768,0.48513,0.65979,0.55268,0.60431,2.51672,1.14395,0.000412816,0.000412816,0.000412816
22,547.354,0.65354,1.54453,1.20496,0.83144,0.46111,0.70469,0.60964,0.58929,2.54485,1.11641,0.00041876,0.00041876,0.00041876
23,579.037,0.48773,1.38817,1.05329,0.89376,0.50886,0.70668,0.59123,0.60939,2.56949,1.14791,0.000423385,0.000423385,0.000423385
24,611.018,0.60446,1.48456,1.14111,0.86302,0.39765,0.69004,0.5692,0.61623,2.65521,1.13943,0.000426689,0.000426689,0.000426689
25,642.65,0.63674,1.47124,1.18261,0.99888,0.56226,0.72663,0.59714,0.57689,2.6499,1.1163,0.000428672,0.000428672,0.000428672
26,674.408,0.65056,1.17802,1.15566,0.91073,0.67274,0.73311,0.61825,0.58293,2.50672,1.11621,0.000429336,0.000429336,0.000429336
27,706.349,0.47563,1.38466,1.09647,0.91583,0.68743,0.73335,0.61171,0.61765,2.34777,1.11638,0.000428679,0.000428679,0.000428679
28,726.114,0.54627,1.34697,1.20285,0.91583,0.68743,0.73335,0.61171,0.61765,2.34777,1.11638,0.000426702,0.000426702,0.000426702
29,757.387,0.62092,1.19998,1.12272,0.86565,0.71003,0.78339,0.66928,0.58142,2.30449,1.06806,0.000423405,0.000423405,0.000423405
30,789.618,0.51994,1.36751,1.05847,0.92262,0.60057,0.75633,0.64372,0.57831,2.26462,1.06626,0.000418787,0.000418787,0.000418787
31,821.051,0.68297,1.33972,1.22573,0.92262,0.60057,0.75633,0.64372,0.57831,2.26462,1.06626,0.000412849,0.000412849,0.000412849
32,853.003,0.67282,1.36036,1.34596,0.92911,0.65911,0.76903,0.64247,0.54471,2.08607,1.02939,0.000405591,0.000405591,0.000405591
33,883.549,0.49539,1.4137,1.14326,0.94233,0.58333,0.73717,0.61338,0.57974,1.90938,1.10867,0.000397013,0.000397013,0.000397013
34,896.803,0.56095,1.25833,1.06894,0.94233,0.58333,0.73717,0.61338,0.57974,1.90938,1.10867,0.000387114,0.000387114,0.000387114
35,909.631,0.58742,1.31312,1.15085,0.92285,0.61111,0.72952,0.58317,0.60525,1.91771,1.20664,0.000375895,0.000375895,0.000375895
36,919.25,0.64045,1.89081,1.27848,0.90231,0.69444,0.72353,0.57101,0.60863,1.87703,1.24292,0.000363356,0.000363356,0.000363356
37,949.077,0.65772,1.25654,1.22537,0.90231,0.69444,0.72353,0.57101,0.60863,1.87703,1.24292,0.000349497,0.000349497,0.000349497
38,981.181,0.45719,1.04913,1.08452,0.90582,0.68191,0.75424,0.60985,0.63067,1.82851,1.26779,0.000334317,0.000334317,0.000334317
39,1013.36,0.44123,1.1115,1.06785,0.8819,0.72739,0.78217,0.64005,0.63359,1.80449,1.24897,0.000317817,0.000317817,0.000317817
40,1033.98,0.47109,1.03687,1.06819,0.8819,0.72739,0.78217,0.64005,0.63359,1.80449,1.24897,0.000299997,0.000299997,0.000299997
41,1043.7,0.47693,1.41436,1.04428,0.92255,0.72532,0.8048,0.65281,0.59883,1.84138,1.17376,0.000280856,0.000280856,0.000280856
42,1052.78,0.4383,1.50374,1.08073,0.8674,0.76778,0.82405,0.67386,0.55108,1.95273,1.09184,0.000260395,0.000260395,0.000260395
43,1062.14,0.47597,1.60764,1.22516,0.8674,0.76778,0.82405,0.67386,0.55108,1.95273,1.09184,0.000238614,0.000238614,0.000238614
44,1071.58,0.47924,1.54915,1.26901,0.90261,0.78382,0.83033,0.70375,0.5136,1.94092,1.01233,0.000215513,0.000215513,0.000215513
45,1081.28,0.40435,1.56002,1.06413,0.90261,0.78382,0.83033,0.70375,0.5136,1.94092,1.01233,0.000191092,0.000191092,0.000191092
46,1090.67,0.41471,1.8465,1.06104,0.88211,0.79444,0.83171,0.72864,0.47213,1.85978,0.97675,0.00016535,0.00016535,0.00016535
47,1099.55,0.37946,1.56744,0.95472,0.88211,0.79444,0.83171,0.72864,0.47213,1.85978,0.97675,0.000138288,0.000138288,0.000138288
48,1108.87,0.51001,1.59937,1.10613,0.89006,0.79444,0.85105,0.74839,0.44321,1.78659,0.96073,0.000109905,0.000109905,0.000109905
49,1117.82,0.39921,1.41908,1.03508,0.89006,0.79444,0.85105,0.74839,0.44321,1.78659,0.96073,8.02027e-05,8.02027e-05,8.02027e-05
50,1126.72,0.39817,1.44203,1.04719,0.95672,0.74444,0.81849,0.74359,0.42816,1.71795,0.95382,4.91798e-05,4.91798e-05,4.91798e-05
